"Month","CreditPredictions"
481,1.19045622136865
482,1.19655678989981
483,1.18533783052349
484,1.18517873926837
485,1.17922237093027
486,1.17898241088812
487,1.17521279508545
488,1.1751939484343
489,1.17273556210998
490,1.1728339037683
491,1.17121945681096
492,1.17135840011198
