"Month","CreditPredictions"
481,1.83107799792444
482,1.81217531461996
483,1.80730138651295
484,1.80036058051717
485,1.79558334964627
486,1.79146495723406
487,1.7881939885839
488,1.78552102527918
489,1.78335862724979
490,1.78160306968053
491,1.780179584019
492,1.77902485094899
